Tickers,marketcap
MSFT,2528087034765
AAPL,2460794526222
GOOG,1980103455765
AMZN,1787770960098
TSLA,1023101448148
FB,948273866258
NVDA,759749680841
JPM,493115686563
V,451076397651
JNJ,434404816508
UNH,432300227191
WMT,412028301402
HD,393258056693
BAC,383915426101
MA,357159614900
PG,354667572971
ADBE,312886068383
NFLX,302363526492
CRM,300210313359
DIS,290067832252
PFE,278820541943
XOM,270186244648
NKE,267638520733
ORCL,255708897402
TMO,250319055525
LLY,248379236786
PYPL,244737714285
KO,244522368836
ACN,243801411800
CSCO,239645508032
AVGO,231830520426
COST,228497955378
ABT,227136331303
PEP,224888339360
CVX,220199464021
DHR,217502859435
VZ,216696132051
MRK,212179212000
ABBV,206788925758
INTC,204107625261
WFC,203189339069
MCD,187311977982
UPS,185292385101
QCOM,184732802734
MS,179172035461
AMD,178593442162
T,178096518873
TXN,175543804763
INTU,171357681010
BX,171340026000
WMS,#N/A
NEE,169319241880
LOW,166364015220
MDT,160568587814
UNP,155858786277
SCHW,155237085043
HON,153537833188
TMUS,147688024051
BLK,147585941995
PM,147524929845
AXP,144499399696
AMAT,141597253983
NOW,137588604858
C,137231912986
GS,135560994365
RTX,133003693993
BMY,131913503027
SBUX,131728941719
BA,129858063369
TGT,126899921420
ISRG,126700140331
EL,124800962967
CVS,124111848728
AMT,123918043339
CHTR,123594315407
AMGN,119068735979
GE,118148555808
SNOW,116297811350
CAT,113202892797
TEAM,112504879981
DE,111268665348
PLD,110019263946
SPGI,109259711133
IBM,106683386658
ANTM,106068709716
MMM,105834572992
SQ,104847899827
ZTS,102597310932
BKNG,100673252215
SYK,99681608127
ADI,99123107903
ADP,97310204033
COP,95438933365
MRNA,93735870894
LMT,93508136110
GM,92047926215
USB,89709218500
LRCX,87917459405
MDLZ,87576340457
UBER,87538122087
SHW,86891785939
MU,86469561313
PNC,86053893545
ALXN,#N/A
GILD,84645769050
DASH,84381681514
MMC,84166044969
TFC,83697729418
CB,83064131430
TJX,82734686869
MO,82517497596
CME,80810215278
CSX,78139540074
CCI,78133693968
F,77926699500
DUK,76842006690
HCA,76284538957
ICE,76222963964
ZM,75758701025
ITW,74888795063
WDAY,73519603027
EW,72422802000
ADSK,72401135338
CI,72161751704
MCO,72132915957
FIS,71160389877
BDX,70074384400
EQIX,69817047386
APD,68623026000
ETN,68479464036
WM,68177188786
REGN,67881142912
KKR,67800879395
ECL,67535291499
FDX,67443223297
NSC,67063282304
COF,66737530898
FISV,66564579956
AON,66174632209
NET,65880606812
CL,65767475229
SO,65591207023
CRWD,64875124964
DXCM,62665913945
KLAC,62662381302
FCX,60545141117
D,60532544611
MRVL,60518123416
DDOG,60228506008
BSX,59949413005
ILMN,59933236907
LULU,58752291489
EMR,58237665163
NXPI,57925571571
PSA,57723193025
HUM,57251705089
NOC,57018046872
PGR,56265565340
U,56243963079
GD,56115406456
FTNT,55944694544
JCI,55695930266
EOG,55489923973
ATVI,54280741466
TWLO,54240458045
ALGN,54235140583
SPG,54155110282
MET,53994068872
MSCI,53802243622
SPOT,53742501996
IDXX,53265649308
EXC,53220484372
XLNX,52996830276
SNPS,52919963416
VMW,52684430634
DG,52494795000
CMG,52416250200
DOCU,52063439532
ROP,51448102662
MAR,50962890096
CVNA,50813640868
KDP,50578666273
PANW,50497700747
APH,50246285346
CDNS,50218963875
INFO,50074538987
BK,49615321184
IQV,48799819160
QTS,48799819160
TROW,48766536113
VEEV,48736171052
MNST,48712544254
A,48702013366
CARR,48632743662
ZS,48428541629
AIG,48331622535
SCCO,48286657290
TTD,48221939869
VRTX,47618836643
NEM,46833374803
EBAY,46267943150
MCHP,46248463663
APTV,46122654050
SLB,45950221965
TT,45823880851
PLTR,45747119127
KHC,45604215915
CTAS,45353538905
KMB,45095814044
PAYX,44929600669
PXD,44735060529
DOW,44421241879
DLR,44361648446
CNC,44264530350
ORLY,43727226226
SIVB,43657550853
LHX,43228456218
CTSH,43060136129
PH,42923976600
RSG,42896584156
WBA,42882434134
DELL,42846507200
MSI,42574977837
STZ,42436230755
PRU,41863500000
TWTR,41779612050
MTCH,41599383971
AEP,41309502541
O,41157221863
EA,41131610754
ODFL,41102667479
ROST,41044761450
KMI,40803333986
MPC,40505672538
OKTA,40444296050
ANET,40392417766
HLT,39988188292
BAX,39785097105
HUBS,39749442922
BIIB,39724191785
AZO,39550394781
FRC,39178050390
SYY,39069536153
SRE,38991096052
IFF,38838781726
ROK,38793593738
TRV,38726673361
PPG,38373465167
GIS,38303982068
GPN,38195477462
EPAM,38079236257
AFL,37713715870
MDB,37511733553
SBAC,37395746305
WELL,37237734803
RMD,37131702755
ROKU,37000800982
CPRT,36910388167
ADM,36883965079
YUM,36706114617
HPQ,36673122408
HSY,36604797955
OTIS,36372959740
STT,36222646964
TDG,35437292490
MTD,35250562197
CBRE,35236962388
DHI,35027830703
DFS,35004962323
VRSK,34854355039
NDAQ,34852408933
WMB,34798429818
FAST,34647844181
AMP,34521359857
ETSY,34447848132
KEYS,34374619296
AJG,34352165481
MCK,34327516822
BILL,34324724641
ANSS,34187451508
EFX,34171399688
XEL,34006584890
ENPH,33946657429
PSX,33945045928
CMI,33804135088
AVB,33656178096
BF.B,33489280730
BF.A,33489280730
GLW,33385339608
BBY,33360112083
APO,33294621676
RKT,33133001913
ALL,32884592226
LEN,32767715816
SGEN,32732997852
CSGP,32724380629
AME,32445657255
EQR,32416392599
DKNG,32369538464
ALB,32332248606
NUE,32078067925
SWK,32039958919
LYB,31744256017
ZBRA,31628812876
KR,31552581781
PEG,31437105086
ARE,31318215114
VLO,31308630996
PCAR,31190407360
IBKR,31135605083
WST,31054954596
AWK,30995747895
LVS,30330395642
BLL,30306770838
FITB,30228909607
VFC,30126393541
PINS,29974955138
OXY,29962112190
TSN,29634817204
PAYC,29427052508
DVN,28826661239
WLTW,28772771916
LUV,28660760474
LH,28444915023
KSU,28357073925
GNRC,28193014585
ES,28174884260
OKE,28134146471
FTV,28058697200
WEC,27994811875
URI,27724170294
WY,27662232078
ZBH,27655228822
GRMN,27517432112
SYF,27461461805
IT,27306638262
ED,27291712744
SWKS,27176244340
SPLK,27110617339
EXPE,27109803470
DAL,27021383417
W,26973501664
VMC,26843567238
EXR,26505201830
LNG,26388408284
SIRI,26436649263
VRSN,26220056658
MLM,26172316992
ASAN,26051388001
ABC,26044021819
NTRS,26019948993
BXS,#N/A
CDW,25933951088
MPWR,25893665510
RNG,25458713959
HES,25453348518
RPRX,25452737160
DLTR,25433026755
BKR,25374790000
ON,25246848302
GWW,25236060501
LYV,25233799899
TSCO,25171303700
ARES,25085626397
CCL,25063525924
HZNP,24920812905
DOV,24889178043
PLUG,24863988860
HIG,24420349275
EIX,24405308380
PCG,24340624394
INVH,24204935235
KMX,24124064896
TER,23829599014
IR,23823314335
MAA,23607956258
HRL,23557810920
XYL,23537861188
HBAN,23504991250
YUMC,23405696839
AVTR,23177481634
PKI,23169094255
STE,23160325955
VIAC,22915753136
POOL,22901456676
RF,22831121392
FOXA,22762366944
FOX,22762366944
CZR,22660044000
ESS,22548376470
TYL,22544767102
BIO,22464352920
KEY,22429192180
SUI,22361490505
TW,22301188785
CERN,22069637854
DRE,21963636103
CHD,21953823680
CTLT,21920623922
MKC,21867767275
TDOC,21839013678
WAT,21780178794
VTR,21779032196
TRMB,21759918808
AEE,21741796544
PODD,21714351677
EXPD,21714177843
DTE,21689697134
TTWO,21656742862
TRU,21650800000
K,21565783832
ULTA,21552768575
RCL,21547573308
UPST,21541115079
PPL,21470475026
CG,21441557618
FE,21232364400
MGM,21145401962
DT,21140873819
CFG,21037207580
HAL,20989063515
JBHT,20919799803
TDY,20731690657
COO,20595300357
BR,20588840651
RJF,20574354996
MTB,20572790386
AMC,20558428000
ALNY,20436239373
ETR,20419689613
CLX,20400121883
BCEI,#N/A
ENTG,20294650775
NTAP,20079675051
SSNC,20054220389
FANG,19920135722
TECH,19824468760
CINF,19680137674
BPFH,#N/A
FLT,19611081388
AGR,19526723053
DRI,19500181225
CRL,19474712929
GPC,19357957203
DISH,19322067472
HPE,19149852449
SBNY,19099966140
UI,19090804072
IP,19084330023
AMCR,18980632395
J,18950305267
HEI,18913350827
CE,18904063544
WDC,18871883251
DPZ,18677328596
AVY,18644736862
HOLX,18641456274
TXG,18613804607
PFG,18446178575
BXP,18432414200
DGX,18327105000
NVR,18297685966
MOH,18292048071
PEAK,18226031822
BRO,18222182639
WAB,18142187424
AKAM,18118133996
BPYU,#N/A
VICI,18075910770
CDAY,18068957450
LYFT,18044520296
BEN,18019630741
BURL,17983581116
IEX,17871204307
ROL,17708837137
QRVO,17690823600
MKL,17628338908
ALLY,17523138154
CMS,17381844000
UDR,17283514641
CLR,17273692800
NUAN,17257805343
FDS,17190013745
VTRS,17064534814
LKQ,17063895114
TXT,16979352886
CPT,16928965556
ESTC,16815402864
CNP,16727830519
PWR,16669568592
PPD,16603385400
MASI,16558772155
AES,16481164678
ABMD,16419589832
QS,16395160888
ATH,16356996854
MAS,16283070230
ZG,16243899105
Z,16243899105
ACGL,16225342452
ACI,16199890000
UAL,16135278487
BSY,16082416509
COUP,15957587627
TFX,15932900764
EXAS,15801633434
WSM,15653207132
ELAN,15626446180
EMN,15576253240
NDSN,15542742455
ELS,15542497315
CAG,15469996050
GME,15458928574
CAR,15073189207
AAP,15059698857
BMRN,15005089198
TREX,14938746558
PTON,14914846571
VER,14860595975
NLOK,14852277033
CLVT,14830010193
EVRG,14790024150
MKTX,14785460120
PCTY,14764654535
CGNX,14677852386
OMC,14651650576
LUMN,14559772953
WHR,14557873801
FNF,14531033832
KIM,14510718038
CAH,14495174333
UHAL,14494078607
INCY,14492632400
L,14470164112
WPC,14466886016
FBHS,14455702950
BEPC,14428851582
WRB,14348500284
MTN,14345649581
IPG,14309067662
PTC,14300612725
RGEN,14292079835
OPEN,14175852876
MOS,14168663582
NWSA,14105386547
NWS,14105386547
EQH,14077844457
CCK,14057786244
CBOE,13965954899
FND,13924350589
FFIV,13916598920
CF,13848670055
LNT,13842448861
SJM,13772365184
IRM,13768073749
HWM,13658162363
MORN,13640584021
AVLR,13626674695
RH,13611742974
HAS,13546385159
DOCN,13539908458
FMC,13447066170
GLOB,13424176633
BG,13367686240
WLK,13358667042
GGG,13354197140
AMH,13352412417
JLL,13343849939
LNC,13320030740
LPLA,13217902464
AAL,13138063710
LDOS,13131548258
STLD,13129525502
WRK,13083294000
AOS,13065607997
BLDR,13022068000
RHI,13011160779
PHM,13003612570
MRO,12985992393
NVAX,12845060062
PKG,12832298718
SC,12795452106
REG,12781050711
HST,12759811410
MPW,12754856636
TPR,12671927472
CPB,12552603789
CERC,#N/A
ZEN,12551811644
PNR,12546557073
CSL,12528951764
BRKR,12516103470
ATO,12481356540
NLY,12442038069
QGEN,12423227473
TRGP,12414845853
DAR,12397737066
WAL,12309334721
CHRW,12282518597
CNA,12265467687
IAC,12235734263
RPM,12149163571
RUN,12142907402
ALLE,12125085697
BKI,12103308347
IVZ,12065161969
BAH,12030609305
MHK,12010307890
XRAY,12008077083
NVCR,11945436898
WTRG,11911768433
SNA,11886753600
LAMR,11873368436
AFG,11862922472
GDDY,11815097236
FSLR,11793746277
EWBC,11786836603
DECK,11729949976
WSO,11709178255
FIVE,11703508175
LII,11696297433
JKHY,11679229324
CMA,11640750016
DKS,11620961384
BWA,11568955575
GLPI,11412246134
WIX,11387498864
HUBB,11326714871
LSCC,11292047536
XEC,#N/A
UWMC,11201034263
CTXS,11185140742
MCFE,11177321656
CLF,11152022228
SITE,11105868902
CUBE,11099393449
AXON,11095910000
MANH,11045843619
SCI,11017756955
HSIC,10989946200
LEA,10940829510
FIVN,10932063402
CABO,10924171518
TTC,10919087262
NTRA,10882188179
WYNN,10866049957
CONE,10844647102
UAA,10814384789
UA,10814384789
RE,10793019334
SNX,10791320702
LSI,10790702293
DVA,10782038751
APA,10698428412
CROX,10626071837
ERIE,10625915353
DBX,10601760977
XLRN,10579737133
JEF,10568954272
GH,10551924250
UHS,10518392163
REXR,10511703654
RS,10452647013
CLDR,#N/A
GWRE,10430575150
MIDD,10418251226
JNPR,10415550236
TAP,10351005228
OLN,10336961746
NWL,10320201671
FICO,10277711711
ZION,10245223957
HRC,10218402669
ACM,10195253102
PFPT,10159620000
TPL,10046658206
AGL,10042151895
KNX,10002234492
AZPN,9966200011
PEN,9963207795
FRT,9946161681
SYNH,9925398366
PENN,9874213800
SMG,9870683078
SYNA,9850055343
NI,9849031338
NTLA,9840476944
CACC,9809009449
SEE,9796121410
LAD,9774847780
TTEK,9717132120
AA,9714392609
PEGA,9700576294
MRVI,9690573952
ARMK,9688970902
DOX,9687725208
ST,9630392128
AGCO,9584760630
G,9583359067
Y,9555648986
OC,9540198049
GL,9534455879
CPRI,9530054080
CNXC,9527931493
CIEN,9514196007
NCLH,9483945479
VST,9483628225
M,9433607924
VRT,9417715971
JBL,9373926509
UGI,9371722994
OVV,9370318956
GPS,9334925985
STNE,9332814290
PLTK,9323274485
STOR,9317280331
H,9313137344
FHN,9284680975
OSH,9280519706
BERY,9277200164
MKSI,9234461134
RL,9195503486
SMAR,9174169557
CNST,#N/A
XPO,9159665189
UTHR,9157271627
AIZ,9128808545
DLB,9117768912
SAIA,9077165759
IPGP,9066769305
SEIC,9010240974
PLAN,8959531687
ITT,8877575921
GNTX,8874230508
BLD,8858827325
COTY,8847729146
CHDN,8805712453
PAG,8781570851
NRG,8740738206
CSOD,#N/A
DNB,8731577250
VNO,8727231143
ARW,8696685937
CTVA,#N/A
WSC,8673984080
TNDM,8670309011
ATR,8655605740
CHPT,8652190905
TSP,8638224412
KSS,8631631050
TPX,8630223652
YETI,8577487436
JAZZ,8576858794
CBSH,8549052900
PVH,8546079144
OGN,8544466693
BRKS,8535208138
BJ,8520339568
LECO,8518895607
THC,8476864259
ZNGA,8468568295
CFR,8461352194
AIRC,8442674620
AIV,8442674620
AN,8433447375
AGNC,8419529612
DXC,8409641630
MSTR,8407574445
NBIX,8348268720
BFAM,8347847371
FAF,8339623114
KRC,8308370117
LW,8254325038
MP,8245706416
EGP,8222291215
CHH,8187524381
SLAB,8157205803
OLED,8131534502
JHG,8128351685
LFUS,8125364317
NNN,8097690755
EQT,8072982326
COLD,8069776000
HLI,8066865273
CFX,8044010334
NYT,8041241496
PSTG,8039087017
SF,8029888826
WK,7992371364
PLNT,7992152913
BHVN,7991152500
MEDP,7973827909
MAT,7963255315
OSK,7963129926
NEWR,7957332188
ORI,7951525212
WH,7932229263
ATUS,7910972466
PBCT,7901248808
BC,7835197159
FR,7813740797
OMCL,7790593896
TOL,7788664635
FFIN,7753385841
AYI,7733002653
CHE,7725384984
FOXF,7716817403
DCI,7709862470
ARWR,7708925502
CREE,#N/A
PNFP,7705006483
HII,7692511470
SWAV,7684015503
INSP,7635918890
RGA,7588792983
AXTA,7583801830
USFD,7574880400
NLSN,7569778920
MARA,7564222207
HTA,7563704925
NTNX,7555532977
PII,7539708680
RPD,7532649431
STWD,7532360930
BL,7523125890
AMG,7518053370
ADT,7478080013
WOOF,7473295846
WWD,7458126611
PNW,7457322507
GMED,7444717466
DSSI,#N/A
ACC,7433745317
SKX,7432061844
VOYA,7427758428
CASY,7401526061
SRPT,7396313797
CHK,7392671928
SPT,7383116875
CWEN,7373561156
BOKF,7373465585
MRTX,7370891435
HUN,7367257552
COR,7362898012
WU,7344660766
STAG,7250927796
BRX,7246516846
SNV,7202789550
IAA,7199433196
RNR,7196589059
PFGC,7186430874
AMBA,7165857509
VAC,7164063245
TNET,7141562519
X,7134143176
PB,7124949830
MTZ,7107888387
OMF,7053822670
BBIO,7047217957
PPC,7047092586
VICR,7033158764
RCM,7012282155
RGLD,7004155155
WCC,6988330228
BYD,6987890185
NVST,6987247266
GTLS,6977706215
ALK,6973234571
EME,6942939448
EVR,6936626931
SGMS,6933451180
COLM,6928012751
IIVI,6920308116
OGE,6894009505
NXST,6876678074
OHI,6868115579
CVAC,6859404658
WTS,6858625401
LSTR,6842776531
POST,6792468236
DDS,6770624634
BPOP,6748732987
WEX,6742949206
APPS,6738674716
BPMC,6728128640
NCNO,6698120252
IIPR,6688438153
DD,#N/A
EXPI,6677524372
ROLL,6673155089
EXP,6659949521
CHNG,6653537662
VRNS,6643337193
LITE,6637140220
GT,6624438160
ASGN,6617741825
INGR,6608348547
CACI,6592460084
GBCI,6564822398
SHC,6524063562
AZEK,6521957510
EXPO,6490487484
ASH,6455346764
PRI,6395381086
APPN,6383711191
ESI,6383112912
DEI,6361356625
EHC,6357570262
VVV,6355542668
COHR,6354619390
GPK,6344667359
TXRH,6336998401
THO,6334410886
INOV,6332496719
KBR,6305824342
BEAM,6275987658
CR,6273812995
FSR,6265456910
ALGM,6254491656
POWI,6249758510
EEFT,6248638748
REYN,6244567204
NVT,6233195541
CERT,6221109277
IGT,6219443465
ALTR,6211513781
CELH,6208099591
DNLI,6202754256
RVLV,6195026098
CADE,6154648125
HBI,6152983583
HGV,6129662732
AMEH,6106507083
SON,6096231220
UPWK,6092373369
OZK,6063533532
AR,6046291871
PACB,6026745488
BE,5992140262
QDEL,5987813406
MSA,5983923877
HELE,5979294574
RRC,5977876106
SRC,5964770603
AMED,5959396132
FSLY,5946675071
LEG,5941949703
CUZ,5940085713
LPX,5933989165
HAYW,5915660519
HOG,5907334097
NATI,5906985942
SAM,5890878958
SHLS,5881265100
MDU,5876835152
VLY,5860131684
FIZZ,5855851335
TENB,5849289320
NOVT,5842972369
SWCH,5839667314
TKR,5837390601
SSB,5834155687
ACHC,5821532337
RRR,5821258127
HRI,5810366740
KOD,5809402157
CERE,5792252460
SMTC,5791842952
PRGO,5789846407
NYCB,5780208685
NCR,5778959838
CLH,5773669025
IART,5770579427
APG,5752648948
TWST,5741535819
EXEL,5726791250
SRCL,5717553896
TRNO,5707896567
FL,5703189401
AMKR,5697434643
VNT,5682093259
PACW,5672932489
FOUR,5670088578
NFE,5655639919
NKLA,5653200060
HQY,5651887115
SI,5634642000
HFC,5617493584
MAN,5610031839
TFSL,5603993294
SAIL,5584627461
IRDM,5556462507
SPWR,5551191364
DV,5523775111
FLO,5522546911
NSA,5499093043
SLM,5491212567
PGNY,5490927319
NFG,5489128777
RARE,5489103493
HALO,5485061391
PDCE,5483530437
UFPI,5472735519
RYN,5472712363
SIG,5466415251
AQUA,5454966544
ELY,5433462927
HASI,5427175014
QLYS,5416738597
UNM,5415967870
AVNT,5413544787
FRPT,5407755403
AL,5407547867
XOG,#N/A
CC,5403780103
MIME,5402541803
VMI,5397309038
STAA,5396920749
LAZ,5394730241
DRVN,5394647654
BYND,5386115662
NOV,5375919257
AWI,5370453576
BCPC,5351384690
GSHD,5342316800
JWN,5338216876
FATE,5333269941
NRZ,5300347503
SWN,5288035418
BXMT,5285772524
WBS,5278601842
TDC,5275269884
SPSC,5271277454
MXL,5269387502
WTFC,5265765381
TRUP,5247446940
JBT,5243010311
HXL,5215423413
CW,5209070175
AMN,5207815274
MMS,5207273580
SSD,5202766734
STL,5175940919
ICUI,5174274310
IDA,5168846218
NEO,5161290782
MTSI,5149132741
VIRT,5148796829
MTDR,5148681865
SAIC,5141811180
HHC,5130769458
ESNT,5121854829
STEP,5107755057
RDFN,5104240042
FCBP,#N/A
UMBF,5102819358
SKLZ,5100653750
ANAT,5099157315
EVBG,5095671142
SLG,5076565175
AM,5066314093
WING,5064710534
LTHM,5057297376
ROG,5052756824
RLI,5051150655
RHP,5041892267
SEAS,5026276535
FCN,5023602086
AMRC,5019312378
GTES,5018364524
CDK,4998466374
PINC,4988960514
CHX,4976979004
NVTA,4971102560
UBSI,4967859293
MTG,4965134650
CIT,4963443409
SPCE,4958975086
COUR,4952975066
UNVR,4940677464
HIW,4932096750
FOCS,4924305017
AI,4921208842
TMX,4921064126
OCDX,4913086101
BWXT,4908833037
SITM,4906884566
PSB,4884443916
DIOD,4883075397
ADC,4875510625
QTWO,4847611065
AYX,4845884336
KWR,4838667282
KRG,4822774258
FEYE,#N/A
JBLU,4821342331
LIVN,4813713445
CNS,4813637745
NOVA,4811737972
SIGI,4808680131
ATKR,4807129416
OPCH,4802665307
WEN,4796591805
TNL,4792770210
COKE,4788923088
SUM,4775874587
CALX,4775335732
NEOG,4759785480
WD,4752868649
MSM,4743604946
HR,4741993361
MSGS,4736584000
LHCG,4732942710
PZZA,4732034484
R,4725006880
HLF,4709581800
MUSA,4707022804
FI,#N/A
SPR,4701912495
ADPT,4686986948
MGY,4684275485
SLGN,4679184393
TGNA,4677886546
UMPQ,4676864695
NARI,4664523506
SEB,4658225352
SNDR,4647486164
KNSL,4647056626
PRFT,4638061655
NSP,4622134004
IONS,4616154706
MC,4615238288
CRI,4614578965
PK,4608977604
SFBS,4603068095
SEM,4594462825
ORA,4588202092
HWC,4586174118
BRP,4585072280
ENV,4563342269
TGTX,4542731816
ENSG,4539734570
EXLS,4539186734
CARG,4534333552
AEO,4533565160
THG,4522248449
CRUS,4502319338
SSTK,4500672159
LANC,4500602647
LESL,4492038173
FN,4488489487
ETRN,4485034283
ALLK,4480853850
MAC,4475920024
CWST,4472137479
ARVN,4460780412
AXS,4459079658
ADNT,4448961325
OSTK,4433506563
FLS,4433006268
CNMD,4432399609
KFY,4429702437
ONTO,4415348148
POR,4412363623
APPF,4410802122
ASO,4403681239
LC,4376428694
SPB,4368282071
HE,4368075451
DSEY,4364080865
HRB,4357005727
FELE,4356132012
BHF,4354921476
MUR,4348023606
RSI,4339712352
VIR,4333440190
VG,4329923858
SKY,4316187044
ESGR,4307972066
DEN,4299500268
MTH,4298614101
ALRM,4282672870
SXT,4274497985
ABG,4273626532
SONO,4268674355
CHGG,4264352519
HOMB,4256703416
TRIP,4254590037
RIOT,4240086489
OLLI,4240030507
WWE,4238932931
CCMP,4235487480
CWK,4225804428
SGRY,4224057158
EYE,4202031826
SWX,4200989997
SM,4195701709
BECN,4195079235
PNM,4194750005
BNL,4189706194
LXP,4182869335
SAFE,4174118578
GPX,#N/A
SAFM,4170963868
SANA,4154323800
BKH,4150870419
ACIW,4132459139
TRTN,4131150777
CMC,4130224625
PPBI,4119541468
MDC,4118627559
FCEL,4117071683
FUL,4113930969
TTEC,4106385285
BIGC,4090961664
HPP,4089470641
MSP,4084988545
KRTX,4084198693
LOB,4067683631
AAON,4062647157
AIT,4058796142
SHOO,4054184943
ALHC,4050234646
GOLF,4045955368
PFSI,4044178979
APAM,4038925483
DOC,4026892211
BLKB,4023149918
FNB,4018490401
ONEM,4014389492
DCT,4010252315
REZI,4008155393
CBU,3999640965
OUT,3998664654
TMHC,3996408872
CRNC,3991441452
ADS,3984800249
IBP,3971845864
RDN,3966848322
MATX,3952265147
AVT,3951024389
HAIN,3943100103
LMND,3941691645
VSAT,3935854325
BOX,3932634385
CIM,3922810505
JBGS,3917701138
ISBC,3916867525
KMPR,3904483617
HLNE,#N/A
LCII,3888428404
DBRG,3886970190
ALKS,3877693019
AIMC,3851681173
EBC,3847216931
BKU,3838914829
MMSI,3829577445
EPR,3818817144
JAMF,3813520203
RLAY,3804232662
TROX,3803594606
APLS,3797349030
ALSN,3787773256
SMPL,3786438713
UNF,3785522762
VMEO,3783565825
INSM,3771335178
PSN,3761038081
AGO,3752383986
GPI,3747920544
NJR,3745491913
ABCB,3744979895
HCHC,#N/A
KBH,3730921052
DORM,3730344678
RETA,3728341847
RAMP,3726737000
LPRO,3721351918
GATX,3711879913
PCH,3711339809
PHR,3708825485
CCOI,3704866137
NSIT,3679057490
ARNA,3678472605
ETWO,3675028175
SFNC,3673395678
FHB,3668773605
KLIC,3665436869
SFIX,3665094522
NEU,3646058083
APLE,3642249446
VIAV,3624714550
HI,3616130071
CWH,3609940785
XRX,3602372214
FIX,3600163437
OGS,3584468511
HP,3583315728
PD,3579039924
STEM,3576105225
MLHR,#N/A
NMRK,3574826861
FROG,3566459230
CRC,3557662164
SHAK,3553787028
ASB,3552258692
FUBO,3548081676
ATRC,3546395008
CYRX,3540508631
BOOT,3536792570
AX,3523903037
ULCC,3521005215
SITC,3520997408
BOH,3519434746
SKIN,3515593335
EPRT,3513482773
AJRD,3513047007
ZNTL,3512990837
URBN,3505687910
KEX,3505673501
CPE,3494826320
MLI,3492485366
SIX,3489193949
HLIO,3481818952
DAN,3481811085
VC,3471582120
LGIH,3470823571
MNTV,3462659700
FHI,3462483667
HL,3454854989
AEL,3447978187
AEIS,3441497419
CATY,3435672754
PRVA,3435080154
TEX,3432764021
SWTX,3430207551
VCYT,3420723447
AWR,3420296693
LPSN,3417859608
ARNC,3417180682
KTB,3411535840
CBRL,3404752389
NG,3400729625
CRVL,3400263924
NVRO,3394076554
GEF,3376700198
SBRA,3373000500
WBT,3372379758
ARRY,3371701223
FLOW,3369431025
ALGT,3367933408
ENS,3365546085
ALE,3365162636
WTM,3359081939
EAF,3353450767
ITCI,3344881156
NNI,3343866582
SDGR,3339896470
FORM,3339456893
AHCO,3334464731
ACAD,3319609273
PDCO,3305816260
CBT,3305471827
KW,3303821128
CWT,3301152000
NAVI,3300808630
KMT,3298959079
PACK,3292618736
CYTK,3287373087
DDD,3276256496
NGVT,3267826127
ITRI,3266845004
IOVA,3266524192
ABM,3264556810
PSFE,3256706250
PIPR,3252221608
LOPE,3246362421
BCO,3242686141
UCBI,3235085349
COOP,3234780120
KYMR,3231736574
AGTI,3223202118
OMI,3221205863
CPA,3211788823
SR,3205449146
TBK,3201296211
BMI,3200225101
WDFC,3198300409
TCBI,3196877577
FCFS,3181142109
PEB,3174201179
RXRX,3173688656
UNIT,3170432259
FOLD,3159764034
FLR,3157727716
WHD,3157717211
IBTX,3155829075
FTDR,3155269435
JOE,3151394102
EVTC,3150120805
PRMW,3147812086
WERN,3146903911
MANT,3145872579
OFC,3145094400
EQC,3144744279
PBH,3143535709
IRTC,3138565535
LILA,3132992138
IHRT,3128361614
PRG,3128318366
TTGT,3113966511
RXT,3103558979
VRNT,3102485014
CNX,3098299615
RCII,3090733384
CNO,3064338037
HAE,3064269544
JW.A,3063871236
CVLT,3052266483
VSH,3043860022
MGNI,3038284939
BDC,3031095805
ONB,3024445498
CDLX,3023832114
IBRX,3019728097
PJT,3016685157
SABR,3014434605
SPXC,2983204386
GSAT,2976379940
NWE,2974051185
CNNE,2965244078
IPAR,2956328377
JJSF,2952045031
FBP,2948942161
GHC,2941883010
FSS,2935729098
HUBG,2932493814
HTH,2927859192
MRCY,2922926289
MCY,2922469700
ITGR,2911272825
NUVA,2905501614
THRM,2903178504
INDB,2901448117
WIRE,2896406981
CENT,2890389411
UNFI,2882097095
TPH,2874846661
WOR,2871975975
FWRD,2870243845
ADV,2863976591
IBOC,2862296759
AIN,2850410480
DOMO,2849613440
AVA,2847006262
ARCB,2845756320
BRC,2842851022
USM,2834193291
BIPC,2830889888
SCL,2829769281
COLB,2826840600
ZUO,2820943923
AXNX,2815340700
MGEE,2814594375
SWIM,2809272344
TRN,2808213109
OPK,2807126078
WWW,2806323388
YELP,2802355693
CVBF,2798518923
PTCT,2792567050
CSTM,2781125280
CCXI,2776747495
DOOR,2776667911
SGFY,2774445857
OTTR,2767393581
AUB,2762851611
SAVA,2753010794
ABR,2747156655
ALLO,2744856266
SHO,2743864637
CTOS,2733838268
UFS,2722989776
FULT,2716359384
SJI,2715631232
BCC,2713825200
SFM,2707675114
CVCO,2707308220
ANF,2698887247
LGND,2697424259
KTOS,2695462133
CVA,2690774032
FIBK,2689066268
ACA,2677464345
RCUS,2675099565
GO,2665433329
PRTA,2664698214
TIL,2662794063
SWI,2659986362
KDMN,#N/A
CORT,2655391400
KAI,2651759840
FLGT,2649629379
UCTT,2644160972
WLL,2643867947
IRT,2640411016
MED,2639207420
REGI,2635179517
RMBS,2623659127
PLXS,2623606367
MPLN,2623315678
SATS,2622238377
ENR,2622054974
SANM,2612258807
WSFS,2609098693
MTX,2598520312
EDIT,2592304391
NHI,2588724834
MSGE,2585919689
VSTO,2566290131
FBC,2560124595
TWNK,2559976350
DY,2557260120
JCOM,#N/A
SAVE,2555108173
PTVE,2551070812
EGHT,2550194190
VRM,2545116022
EVH,2542834667
OAS,2542692760
PCRX,2540817750
HCAT,2535092662
VRTS,2530213384
VRRM,2528202899
GMS,2527635108
TRIL,2526354710
CDNA,2517608912
SAGE,2510679354
BALY,2503433147
CRSR,2502946384
KNL,#N/A
WGO,2501475652
MGLN,2496280316
HRMY,2486793248
AAWW,2485692392
ALKT,2481361662
GDYN,2478919410
ROCK,2477821094
AMRS,2465911200
NKTR,2465682792
BKE,2461788178
BSIG,2456034666
MD,2449198185
CNK,2446359971
CMP,2445681261
CCS,2442603233
CVET,2441318452
JELD,2440860640
BDN,2436837048
ACCD,2425243303
RVMD,2419147627
CDXS,2418549613
MYGN,2414804295
SKYW,2412694338
IRBT,2412226984
OM,2395216635
PSMT,2390422400
NTCT,2381720774
MDP,2381312650
ESE,2381232930
RLJ,2380423906
GKOS,2377331654
TOWN,2376566244
GDOT,2375443345
FFBC,2372810425
PDM,2368530134
UTZ,2367334822
PLMR,2360064773
EPC,2353385575
FMBI,2351693983
VGR,2343262109
AAT,2333011799
PING,2330199456
CPK,2326217655
WAFD,2321776670
MORF,2318971473
NAPA,2315889974
MWA,2315626139
SBH,2313793620
IOSP,2311435955
CAKE,2310581887
FRME,2306036102
PRCH,2298404851
CMPR,2296348560
TDS,2292846976
SASR,2291460431
STFC,2290153238
FLWS,2289852147
PRGS,2289456970
AGIO,2281499153
BBBY,2277894746
NPO,2276834820
NUS,2275430019
TSE,2274687763
LBRT,#N/A
AVAV,2272479698
XNCR,2260896714
WSBC,2253534625
CSWI,2250806324
PRK,2248843281
NSTG,2246962948
MEG,2245770155
MAXR,2244543036
DM,2244409938
VRTV,2238839622
GCMG,2235082415
B,2233676421
SMCI,2231501631
IDCC,2218632227
FBK,2218598235
ROIC,2209909612
EVRI,2208050906
BCRX,2204217225
RNST,2203137273
BANF,2202858472
GNW,2202054449
CXP,2200310061
GSKY,2197902000
LIVX,#N/A
FCPT,2197587922
ATI,2191215638
RCKT,2186537776
JACK,2182324011
GTN,2179411924
MODV,2173602660
HTLF,2172164517
SBCF,2171755062
UUUU,2161128803
CRK,2156881849
WRE,2155685229
UE,2155335475
TPTX,2155326652
RILY,2153745525
LMNX,#N/A
TWO,2152845378
CNR,2150770171
GPRE,2140622968
LDL,#N/A
BGS,2137054936
ROAD,2129872279
TR,2126443692
SJW,2122137021
HMHC,2116945996
ARI,2116596236
TRMK,2114569904
BANR,2112686192
GBT,2108004722
VBTX,2107914408
DRH,2106198000
MNRO,2104333535
SAH,2103983070
SKT,2090088489
XHR,2090026442
STC,2085646504
QTRX,2079775135
RAVN,2076038986
COMM,2071573880
CDMO,2067207585
PGRE,2062569304
ARGO,2059232908
LNTH,2057868840
ODP,2056744056
CBZ,2056600426
AMWL,2055299413
CLBK,2052286053
MNR,2051360152
AMK,2051323400
EPAY,2050876514
NUVB,2047202416
ACLS,2045675790
IRWD,2040721778
GOEV,2040048585
CDEV,2039727379
VVNT,2037029167
CCCC,2034008937
DVAX,2033188186
CASH,2028776279
LAUR,2025530952
THS,2023288607
RLGY,2022805314
TWOU,2020726228
XPER,2018480037
CTRE,2014401780
BAND,2013223749
ATSG,2011541983
EB,2010395503
MDRX,2008961561
KN,1997432871
NTB,1995302137
MFA,1992989127
EBS,1987322795
RPAY,1982410570
GWB,1981989289
VCRA,1981287608
SBGI,1978348641
ICFI,1975665056
AMCX,1972754693
AKR,1972514320
EVOP,1968432607
SPNS,1966828875
SRNE,1966675859
USNA,1964095921
NXRT,1964071750
TREE,1962846389
OI,1961908307
MDLA,#N/A
ASPN,1960609533
CLDX,1958482680
PFS,1957579344
VCEL,1956877832
PRAA,1956043880
XPEL,1954419086
HSKA,1953388337
CYH,1952553248
IGMS,1951922656
SEER,1943199076
PATK,1942631606
MGRC,1941179534
EAT,1940689754
GVA,1938012453
CLNE,1925252917
MYRG,1925028863
EGBN,1922917573
ISEE,1921386538
CUBI,1918488135
HYFM,1917830546
MTOR,1910002026
MMI,1909207405
PI,1908054814
BLFS,1898645265
STAR,1896602404
ALEC,1883980022
MTRN,1878360673
TELL,1877700028
SUMO,1870759719
CVI,1869867338
TGH,1866670583
EFSC,1865954479
ALG,1865946138
LKFN,1864548751
MXIM,#N/A
PBF,1862602767
PTEN,1860720447
SNBR,1857959900
LB,1853840540
ALXO,1852943897
INFN,1852822116
WOW,1849578216
MSEX,1848034244
AEVA,1845868519
ENTA,1844401958
MDCA,#N/A
SHYF,1843948585
BGCP,1843697500
DEA,1842492623
NMIH,1838386996
CDE,1837219694
PLAY,1834706829
MSON,#N/A
TVTX,1825158951
ESRT,1823160280
MEI,1821135035
PMT,1820815428
KAR,1819739143
HOPE,1813818018
INT,1805388020
BLMN,1804617751
NWBI,1800984317
PAR,1800474114
TBBK,1799441343
FBNC,1792932200
SILK,1788789405
HNI,1785933350
ALEX,1777709091
CALM,1776452548
SVC,1774742225
SNCY,1774320139
FRG,1773000240
SLQT,1772390372
PTGX,1770716889
AVYA,1768458300
FOE,1766548563
COHU,1765444203
BV,1763180516
DNMR,1758200456
OCGN,1756818695
CFFN,1756227277
MHO,1753543052
SYBT,1747116285
CLI,1746168453
SUPN,1743265575
GPRO,1740910872
BLI,1732750059
OXM,1726510310
DRNA,1726018676
ECPG,1725567916
LNN,1725060595
GOGO,1721876491
WMK,1719079296
CSGS,1717171134
OSIS,1713648099
CCO,1713360789
KALU,1713327020
HEES,1713180151
NVEE,1711364718
IDT,1710588871
KRO,1708983016
HMN,1700574744
AVXL,1695088191
GIC,1686837223
BLNK,1686789121
SSP,1683496096
RDNT,1683255735
FRO,1677215520
KFRC,1673867999
BFLY,1667995873
LZB,1665664809
DFIN,1662495510
NBTB,1656398875
TRS,1648278257
INBX,1641173398
CRS,1640770718
ADUS,1638452710
MLAB,1638162848
GCP,1637729549
ATGE,1637259363
KOS,1635837766
PLUS,1635334134
PRLB,1634962020
ELF,1631844287
AVAH,1628010672
GFF,1627763113
TLS,1627492695
ASTE,1624713846
GNL,1623477821
NYMT,1619553347
ILPT,1619417910
SENS,1618917252
CMRE,1618041401
RGNX,1616248485
MGPI,1613936102
DLX,1608369705
FRTA,1597976298
AVNS,1594975062
MSGN,#N/A
GIII,1593454135
PRO,1587018290
BIG,1583213390
RWT,1582775600
NOG,1579415126
ENDP,1574942486
AMRX,1570753533
REPL,1568117572
SCHN,1564112273
ENVA,1562110392
TNC,1558895232
ATRA,1557914309
NGM,1556043039
MDGL,1553099592
OPRX,1549859300
LRN,1549011012
INO,1546335609
WRLD,1537715569
WABC,1533785653
BUSE,1533679805
LADR,1533133453
EXTR,1528678243
GEVO,1526212788
REAL,1525322268
MVIS,1524524295
AVID,1519941969
NRIX,1519506579
DCOM,1515827916
YEXT,1511127860
STRA,1508009405
PLCE,1507745277
FCF,1496129602
TTMI,1490239352
MBUU,1488786790
DIN,1484623692
LUNG,1481283691
NAV,#N/A
BNGO,1480622558
CMCO,1480585397
AXSM,1479776863
SGMO,1478597134
KRA,1474956238
BTU,1472744053
HCSG,1465535888
CSR,1465039520
GTY,1464126157
SPNT,1462277521
MRTN,1460623815
GDEN,1460100180
LORL,1458788956
GES,1456978800
ALVR,1453943305
WW,1453636183
SXI,1453037600
SGH,1452246115
KROS,1447674450
CENX,1442065920
ORGO,1436926681
AVO,1435491129
ATRI,1434095044
OFLX,1432888693
FARO,1432817932
CHRS,1429744398
SBSI,1426600992
GLNG,1422829958
GOCO,1420738156
UEC,1416657741
NWN,1415743068
ASIX,1415342591
RXDX,1411613108
PBI,1410277486
GRWG,1409114408
SNEX,1405592153
SHEN,1405526097
AGM,1405144908
TGI,1404004388
RADI,1397863863
PCVX,1396166728
HIBB,1395261806
UIS,1394752055
BTRS,1394347145
SCS,1393931795
EPAC,1386464998
AZZ,1386047987
ALX,1380705030
CNOB,1379344698
ICHR,1378484751
FDP,1377865670
GBX,1376374598
TCBK,1376083166
TVTY,1372638926
NBHC,1371887969
DK,1371311390
CXW,1370042774
HTLD,1369786508
JYNT,1363212777
PRIM,1357898759
GRBK,1357321318
HCI,1356058419
MCRI,1355764468
AIR,1354998339
VECO,1354010604
MBIN,1353775915
PLBY,1352858512
PRA,1348509054
HYLN,1348377510
MNRL,1345841515
OFG,1345381584
LTC,1344623526
HPK,1344311309
BHLB,1342023766
BANC,1338988049
BRMK,1338860282
VLDR,1335840997
TTCF,1335007114
SCHL,1329601992
BKD,1329046988
PGTI,1319854685
OPI,1318630971
KREF,1315001094
ARKO,1312713313
OCFC,1307773686
ARCH,1307532084
CSTL,1307521578
ATLC,1297543572
FFWM,1295338517
CNXN,1290549915
ZUMZ,1288669925
USPH,1287802956
KIDS,1284997621
BRKL,1284935486
RGR,1284902942
ERII,1283542322
ECHO,1282011028
ATEN,1281899900
OII,1281415580
CHEF,1280487959
CRNX,1276797003
EBSB,1274439915
SCU,1273173162
STBA,1270623806
LOVE,1269803622
AROC,1266289397
BRSP,1257419888
RUBY,1256323982
CERS,1255821320
ANDE,1254556455
MNKD,1253769378
SFL,1251866753
SRCE,1245828451
CNDT,1244844294
CHCO,1242412858
HZO,1239704077
SRRK,1235103672
PDFS,1234634677
AMWD,1234334625
INVA,1234181310
MATW,1230049373
TMP,1229759440
SAFT,1228539580
BVS,1225412000
MGNX,1224547405
OEC,1222973867
AHH,1222226692
NRC,1214299516
UVV,1210436496
POLY,1210158000
APOG,1208716605
ACEL,1207822862
GBIO,1205348945
CTS,1203264701
AOSL,1203078703
THRY,1202223475
BFS,1200641996
IMAX,1200546628
GRC,1199473579
MODN,1199121444
LEU,1196659415
HSC,1193599132
LMAT,1189084017
PCT,1188989680
LASR,1184978577
PFC,1184413622
INNV,1184413304
VIEW,1180024207
KURA,1179368553
AGYS,1178139075
HRTX,1175315134
RC,1173820298
HCC,1172170076
GEO,1171433695
RNA,1164923722
RMR,1164606472
NXGN,1162586310
SMP,1159347316
IMGN,1158983497
TMCI,1157567961
CHCT,1154941425
RPT,1153925683
REVG,1152503136
ATEC,1151799533
GNOG,1149950703
ANGO,1149463779
HURN,1148920027
PVAC,#N/A
LPI,1145040035
OUST,1142309843
SLP,1137740643
HA,1137435796
UMH,1133210425
IESC,1132311347
EIG,1130319379
JOUT,1130295682
NHC,1129451239
ECOL,1126565082
KAMN,1125428194
ATEX,1124943837
EBIX,1123555985
PAYA,1123488528
VERI,1120362679
SCVL,1119089803
FGEN,1117155276
DSGN,1113806437
FORR,1113068286
AXL,1109810558
GABC,1108034258
AMTB,1107683881
HLIT,1104660637
PMVP,1103313634
CSII,1102977438
RAPT,1101476707
CEVA,1098609021
AMSF,1097167070
JRVR,1097105930
RES,1095885015
DBI,1093534873
SWM,1090657123
OBNK,1088806497
OLMA,1088571781
FOR,1087120321
RYI,1086938649
VREX,1085469969
SWBI,1083616310
RVNC,1083383844
DNOW,1077948300
TEN,1075682558
GCO,1075614018
GMRE,1072271811
MCB,1070273336
APR,1069470836
STNG,1067578574
ARQT,1065757221
ITOS,1065624184
BRBR,1064411005
HMST,1062378035
INN,1057055483
KRYS,1056304525
COWN,1054372754
AFIN,1051040343
ZY,1050519371
DHT,1050133171
NESR,1049740626
MNMD,1048931000
CLAR,1048597340
STOK,1045599654
ALTM,1044972302
PFBC,1043311467
PLOW,1038968276
MAX,1032493519
CCF,1032141281
GLDD,1032063508
EFC,1028528844
ADTN,1028121007
CAL,1024435983
TRTX,1021655834
BY,1021224167
BOMN,1020375450
NGMS,1019805949
AMPH,1019186858
KRNY,1017677489
PLYM,1017400216
VTOL,1016117784
RIDE,1005233305
WKHS,1005130045
KNTE,1004573328
NEX,1004170128
TSC,1000266440
WASH,999974048
JBSS,997846500
IVR,997569934
AGEN,996505085
WETF,995612399
ARCT,990628389
VNDA,989449217
ESTE,986143162
BGFV,984351148
IMVT,983251731
BMTC,981906461
TILE,980902423
YMAB,979805812
VVI,978268349
CAI,971327922
GATO,966500138
BTAI,966161106
CLFD,964685645
LBAI,964051119
CCRN,960732550
PROS,#N/A
TBI,959303775
KRON,955086438
IDEX,953269704
PUMP,952049676
DENN,949522999
PARR,948611276
EWTX,946972849
VUZI,946202925
TCX,945396537
BCAB,943225331
WINA,942484964
AVIR,940345896
ARR,939940888
PEBO,938648017
PQG,#N/A
NTST,936336826
PRAH,#N/A
LE,933692658
SKYT,931965420
ORMP,931530098
SPTN,927565955
MDXG,926312769
OSW,925715572
PAE,925585227
QNST,925375315
PFBI,#N/A
CGEM,924801503
GOSS,923679436
BHE,923581121
KNSA,922416101
PAHC,921861945
RBBN,921474351
LAND,921275579
SCSC,920905687
INSW,919499880
HNST,919387682
LQDT,917907900
ORBC,915250400
HSII,913972161
ACRS,912899480
AC,911881030
GOOD,911550173
PRAX,911469232
HFWA,911166600
CPLG,909989566
XENT,907814536
CARS,907309267
NTUS,906402500
FMTX,902761366
STRO,902271630
FNKO,901834172
WNC,900976306
ANAB,900884380
TUP,899396397
VIVO,898723010
NFBK,895624356
PGEN,895177689
NCBS,895109496
PRPL,892821531
RDUS,891453810
MASS,888612781
QCRH,888230937
NOTV,888183938
FOSL,886447660
CEIX,885795842
FBMS,885349741
IDYA,884415819
UVSP,884059293
AKRO,883051671
TPIC,881290986
BCOR,876449581
QADA,#N/A
NP,875152389
PLAB,873238976
SNDX,871406774
ACCO,871150862
CNSL,871011837
MGTX,869859479
CARA,868703387
HBNC,867367364
ZGNX,867317306
FTCI,865777367
TA,865154653
DMRC,861421314
TALO,859755435
ABTX,856670906
NWLI,855010100
HSTM,853126017
VXRT,853096183
AMRK,852996787
DGII,852092514
NSSC,850620750
GTS,848277882
ASLE,847961800
BW,847942182
AMTI,846770760
POWW,844244730
REV,842458378
IIIN,841141422
CSV,839605910
LIND,836836837
RPAI,#N/A
MOV,836465238
HCCI,834018434
STRL,832737231
ORC,832280988
IHC,831188026
NTGR,829078297
AAN,827064729
CRMT,824901143
PSNL,823575158
BLUE,818852818
PZN,818424594
DHC,817362234
CIO,817079991
GRPN,817049161
BJRI,815396152
HIFS,814112000
NPTN,812035489
FMBH,811266954
UHT,809834087
VSEC,809113090
RBC,#N/A
ECOM,806814050
CTBI,804722429
FDMT,802827459
TSHA,802260647
PTSI,800692507
GLT,799225399
CPF,798189050
CMBM,797246826
NBR,796666445
MCF,796656175
CRY,796030690
BOOM,795805275
HNGR,794299668
TPC,794176296
CUTR,793327011
HONE,793158269
UBA,792071822
OPRT,787481726
TPB,786445376
SLCA,784489478
HWKN,783069304
PRTS,782851790
CLSK,781773239
ONTF,780937394
OSPN,780925906
MYE,779504985
GSBC,778705147
VERU,776976950
USLM,775209842
VBIV,774487144
CTRN,774423699
VITL,772651453
INGN,770573888
CRAI,770559342
RXN,#N/A
BRY,770468863
CFB,770401147
AMBC,768648575
RAD,768527947
NX,767983974
SP,767979973
CHS,767862444
GRTS,766902591
MTW,766004588
GCI,764298658
CPRX,764100659
SPWH,763816039
PRLD,762915221
XL,760941095
LXRX,759368055
LBC,757748710
MITK,757214037
VHI,754432769
DSP,753502516
PNTG,753219845
DRQ,748411348
FULC,747719524
ACRE,747328920
MBI,746997787
INDT,745547043
DMTK,745292008
GBL,745104924
ONEW,744882642
TMDX,744746065
TRNS,742857166
KDNY,741896436
CAC,741129558
CBTX,739845668
SCWX,#N/A
SIBN,739789024
EHTH,738867080
TITN,738647517
KOP,737198293
ATOM,735725540
CVGW,735625253
FFIC,735615022
DYN,735311147
HY,735167237
ALGS,733424590
APTS,731186353
GPMT,730998769
PRTY,729464450
PRDO,728396376
HTBK,726253872
UPLD,725311785
FNCH,721676534
CURO,721669573
WTTR,720587329
HAFC,719450909
INSG,718012620
OSUR,716782364
EVC,715018623
CONN,713492010
CTLP,713229921
TMST,712534610
FC,712371178
AGX,711990240
BXC,709655746
MCRB,709059824
CMTL,708693413
IIIV,707935122
AFMD,707615510
DBD,704413679
OLP,704288548
VRS,696042107
ORIC,693908406
SRDX,692628964
DHIL,692190515
PHAT,684843052
MRC,683649842
ATNI,683429036
MCBS,682722802
PETQ,682056652
TCS,681696507
BLBD,681198952
KRUS,676058081
DXPE,674931157
COLL,673398260
BLX,673078074
UTL,672303993
QUOT,672282200
BZH,669687094
RICK,666263252
OPY,666218763
MCS,665780493
RRD,665212882
EGRX,665064305
LXFR,664553983
KE,662161984
RYTM,662033646
VOR,661888625
SRG,661014784
TALS,660707143
AMTX,658824941
CIR,658213400
YELL,657995655
MRSN,657274150
HCKT,656619233
TRST,655158667
APPH,654537650
CATC,653984401
ARLO,653320427
DX,653017878
CLW,652219046
RUTH,652015590
CHUY,651287439
PGC,650720547
HOME,648730351
LEGH,648573866
GNK,648154162
IMXI,646393161
GTHX,646336671
FSP,645415811
NKTX,643831501
BVH,642271867
KPTI,641398257
YORW,641208081
OFIX,641128616
PLSE,640376241
CASS,631717214
BMRC,631554956
ANNX,631266147
CLDT,631060228
NPK,629543443
DSKE,629266929
RMNI,622284306
PETS,622004739
THR,618824532
SPKE,#N/A
AMOT,617432994
ATRS,615553468
HMPT,612525706
RGP,611963500
RM,609368103
IKNA,608979125
HVT,607384325
RMO,607276426
DCO,606889880
AROW,606691764
ATHA,605087848
PLRX,604373878
TBPH,604326701
ACBI,603456264
LABP,600961479
WORK,#N/A
BBSI,599793512
DTIL,598557928
SRI,597654329
ALRS,597636263
XONE,597045392
IPI,595125157
AMAL,594883479
RMAX,592611313
VEC,592502101
MOD,589575426
EQBK,588943860
RBNC,587311423
IEA,587211296
TCMD,585572028
FCBC,583515002
ANIP,580967925
KOPN,580798277
BYSI,578905115
MGI,577637000
BFST,576804545
THFF,575375280
MBWM,573545400
HAYN,573403691
HLX,573376672
VSTM,572063745
EOSE,571892625
GAN,571440464
VAPO,569946177
WTI,569468800
APYX,568384721
ULH,568000405
FPI,566435862
KODK,563936208
FRPH,563720591
ICPT,562574335
TARS,562207369
BFC,562016628
SXC,561628593
AERI,561186630
TRC,560668916
ANIK,559280494
MSBI,558994605
ALBO,558116353
SPNE,556101418
SIGA,555130995
MCFT,554920741
WTBA,554090515
HOV,552926893
WSBF,550617773
ALTG,549853648
BWB,549548333
EVLO,548498996
DLTH,546095047
HBT,545650666
UFCS,544255983
RIGL,543799091
SPRO,542713441
FHTX,542649819
LOCO,541102214
DCPH,540362855
NDLS,538678967
BNED,538571703
EGLE,537522457
AVD,537315094
SYKE,#N/A
CRIS,536829631
INVE,534724642
OCUL,533972659
DSPG,532338442
ARAY,531527890
MOFG,531322664
CMRX,529860814
CCB,528172051
STTK,527236799
CUE,525961149
SMMT,525861621
FISI,525337143
CVM,524513130
WLDN,524462980
REX,522934673
URG,522835340
RBB,522648937
VPG,520908210
LPG,520219067
EBF,520078264
STKS,517896044
UEIC,517779189
FLIC,513916587
FMNB,513753443
OMER,513472039
SFT,513470541
ALDX,512372216
CLVS,512117267
UFPT,512060073
CASA,511737766
TWI,511512052
OOMA,510419983
BBCP,509345460
TIPT,508165039
LL,507879596
ZYXI,507783487
HTBI,507434137
IBCP,506392345
AXGN,505816236
GERN,505459946
SMBC,504972277
SFST,504161432
TH,504046105
CVLG,501359020
MVBF,501085641
AKBA,500922318
IRMD,497248715
AKYA,496352324
TLYS,496243776
LAWS,495677677
CSTR,494074810
TDW,490397732
DJCO,490178650
GNTY,488313606
EBTC,487341339
FSBC,486400108
UVE,486214883
STXS,485789420
REPX,485642016
XXII,484990235
MIRM,484591383
WSR,484254656
BHB,482574327
ZIXI,481583159
VKTX,481144519
FREE,479814185
AUD,479568737
CCBG,477824663
FLMN,475072015
ADN,474608255
PASG,473435462
TNK,473377032
APEI,470722714
BH,469673739
JOAN,469661300
ABUS,469384127
SPFI,467882362
CPSI,467724693
EPZM,467527500
HEAR,465654346
CCNE,464544575
CURI,463886737
MRNS,463623660
GLSI,463312757
MPX,463311645
FLXN,461437705
GTYH,461144043
CTMX,458048750
PSTX,456295782
SB,456153000
AMSC,455461921
PRTH,454923231
EZPW,454619087
AHT,454340678
EVER,453813655
HMTV,450635158
SMBK,448615548
STXB,447815176
XBIT,447781822
ITIC,447353483
JNCE,445819223
TBIO,#N/A
ATRO,444600354
CNTY,444222150
VTGN,443339111
INBK,443239752
SOLY,443161010
HOWL,442374563
ALT,441496054
USX,439228016
HT,438802600
UFI,436727817
ATCX,435545581
REKR,435080089
EBET,434516879
MGTA,434363943
CZNC,433467527
TG,433251265
KALV,431816988
CATO,431645395
TIG,431395486
CSTE,431220208
FUV,430759543
PAVM,428924000
AXDX,428645856
URGN,427804553
TTI,426519730
LCTX,426451735
BTX,426251892
CRTX,426054582
RAIN,425849850
SSTI,425785702
PPTA,425252090
SELB,424602008
RLGT,423660089
CARE,423382720
NODK,422536094
MILE,421546283
EVI,421272950
CTT,420929193
TRCH,#N/A
HBMD,419722481
RYAM,419391758
GWRS,419009830
CDXC,418626657
VEL,418517799
COGT,418435710
KRT,418432675
DMS,418380808
LOTZ,418316884
BCOV,418305069
MLR,417518246
ASXC,417213659
ALTO,417181590
BSRR,416553393
KBAL,415625211
HFFG,415307200
AMNB,414765140
LCUT,413941955
RCEL,412510551
AFCG,411399113
AKTS,410635121
FTHM,410446584
CPS,409658083
GNUS,409315668
LLNW,406787866
LSEA,404959537
SGC,404071600
EYPT,403085359
KZR,402509732
EOLS,401265783
PRVB,400528304
RLMD,398733398
VALU,398054937
PLM,396193599
UTMD,395657185
HGEN,395524524
OSBC,395018371
FRST,393931015
SQZ,393777056
BOLT,390743114
FF,389930372
QMCO,388293050
CLPT,387925996
AXTI,387235202
CBNK,386234388
APLT,385599423
INS,384304116
RRBI,382956939
TRUE,381770158
PCYO,381265980
ALPN,379862210
CIVB,379405742
DZSI,378343607
FLDM,376309305
OIS,375006207
BYRN,373808668
FTSI,370274839
FLL,369656790
VRA,368450893
MPAA,366808058
HBCP,366170583
TK,362611319
USCR,#N/A
BNFT,362248854
BRT,362174120
MEIP,361835056
AVNW,360494802
PVBC,359583915
OTLK,359449246
CAMP,359178127
EGAN,358450619
NATR,357864659
SMMF,357326281
KIRK,357133345
TRHC,356718366
NVEC,355000802
ETNB,354549838
PFIS,351391613
FBIO,350684448
SOI,349266993
ATER,349007448
AGLE,347212446
FOA,346715040
MEC,346197878
BRBS,345458520
NAT,345453492
FORA,345121278
BMEA,344180654
MPB,343349514
AOUT,341883865
NPCE,340396000
FNLC,340334564
VRCA,339256372
CLNN,339009172
NL,338202841
PBFS,336930516
PLPC,336528155
EEX,336243769
SPPI,336110407
GHL,335849584
ATOS,335551492
BHR,335415639
STON,333973101
CTO,331853212
SMSI,328772862
ZIOP,328541611
HBIO,328524613
INFU,328067252
OYST,327833158
ESGC,326789700
FIXX,326544148
MIC,324571553
CIA,324128549
CDAK,323856049
AJX,323770984
SIEN,323623255
IBEX,323252300
POWL,323157751
KMPH,322113106
BDSI,320098781
EMKR,319420110
AKUS,316528246
HOFT,316104712
HQI,313721610
VOXX,312292453
RRGB,311651649
ACET,311565540
OCN,311169362
RVP,309822889
TACO,309335485
RCKY,307338324
LUNA,305588667
NR,305371988
GBOX,304764203
CBAY,304483941
NCMI,303659398
FDBC,303631217
SCOR,303315200
MESA,302202475
MTEM,302046118
FRBA,300969268
SURF,300340488
NWPX,299966555
MCBC,299502568
CVGI,298125186
NGVC,297668010
SBTX,296392869
AGS,296168110
PKOH,296102115
PCSB,294922560
SNSE,294341404
BEEM,294206924
VHC,294191719
CSLT,293457281
XOMA,292847737
FSBW,291716500
LMNR,291278361
PKE,290301849
PRTG,289578537
FRGI,288673795
NMTR,287871001
OCX,287762082
CSSE,287689970
VINC,287147812
VMD,286357789
NRIM,285179872
MTRX,283173909
TLMD,282320627
DRIO,280989314
LNDC,280180773
VRAY,#N/A
ZEUS,280034657
EAR,279944338
BDTX,279686714
VEI,#N/A
MRLN,276967769
MHLD,275755599
ORRF,275118338
WVE,274159487
ACTG,273336950
CTSO,273027028
AMPE,272875099
MG,269542884
NLTX,268994350
CIX,268086104
CTXR,267142308
TXMD,266665900
AQB,266346487
DRRX,266181776
PRTK,264997085
PSTL,264682726
NLS,264062761
AWH,263497264
TCRR,263338757
SYRS,260797419
CELC,260694615
ATHX,260193244
ODC,259070421
IMPL,258640179
EIGR,256517296
ESCA,256297080
ESPR,255589905
NATH,255139486
IMUX,254619562
NNBR,251746204
HARP,250198917
LAZY,249765129
GLRE,249095082
NEXI,242572166
WLFC,241219189
CDZI,240727809
CECE,239920829
SESN,239356329
TNXP,238434143
HBB,237744595
WTRE,#N/A
SLDB,237135550
INZY,236410747
AVRO,232231094
DAKT,231601037
DS,230213550
ICAD,225231145
ATNX,225197133
TERN,224416265
INFI,224318806
MBIO,222108081
ITI,221395157
SEEL,221162408
HOFV,220477482
CRDF,218327701
UIHC,216898235
RPHM,215987091
ADVM,215934624
FREQ,214762009
QTNT,214352990
BDSX,210640696
UAVS,209656444
XGN,208033509
FLNT,207626148
FRBK,207497950
BCEL,206557333
VIRX,203721828
KVHI,202220152
GNLN,202029405
CRMD,200715485
ONCT,199686007
FLXS,197492829
NBEV,196729022
SRT,196269065
ETH,185285727
HRTG,184009251
NH,181248970
KLDO,180174059
BSET,177458843
TAST,174329972
LSF,168950960
IBIO,166422213
SGTX,166392949
RGS,160156098
OTRK,158109930
HYRE,158093793
GTBP,157804921
SMED,155949129
ONCR,155886359
MBII,153679968
TRVN,153046690
PBYI,152094619
IVC,148483435
GMTX,147434390
CSPR,147143025
CLPR,146496564
TLIS,145108698
RFL,140342155
STIM,135267637
KALA,134490172
ANGN,132304897
RVI,128603385
AFIB,125971631
HOOK,124928448
CMO,122348439
ARDX,115493168
SPRB,104497509
MDVL,76536186
TISI,50461587
FBRX,49575286
COG,42547172
ALTA,40250588
CORE,22977988
SNR,13436550
CBB,10253883
GRA,5438310
STMP,2220908
ARD,1779480
WRI,1469130
